feature,importance
mileage,0.8966386395072865
vehicle_age,0.15498782334224726
year,0.12907300307520905
fuel_type_diesel,0.049537187523895666
make_Ford,0.028846404526881232
mileage_bin_medium,0.02749691086977113
make_North,0.026623583832526686
age_bin_nearly_new,0.01264837211170795
make_Contact,0.011116654070092302
age_bin_recent,0.007221418689086256
model_Information,0.006881891432537379
model_Haven,0.005743581854541257
age_bin_aging,0.005160427724994443
make_New,0.004268543772346844
transmission_Manual,0.004068847898384987
mileage_bin_low,0.003924171010914279
make_Toyota,0.003231071286927034
fuel_type_gas,0.0030120227947929125
transmission_Automatic,0.0029394093511928786
mileage_bin_high,0.0018095503448281812
make_Dodge,0.001486436863156171
make_Acura,0.0013164783707513062
model_Camry,0.0011589320238807987
make_Lexus,0.0011270162510520487
model_Neon,0.0009544320899255055
make_Nissan,0.0008910661374585737
make_Hyundai,0.00043848288317276384
model_CR,0.00040341272137985886
make_Audi,0.00031546034189020575
model_TLX,0.00027584523723923616
age_bin_old,0.0002658783327883607
make_Cadillac,0.000240196901769274
model_Sedan,0.00022938226714970257
make_Chevrolet,0.00020520351630589628
make_Honda,0.00020295907188538909
make_West,0.00016507858221328497
model_Silverado,0.00011301341957317134
make_Benz,8.380527245440694e-05
make_Infiniti,6.255625988271785e-05
model_Branford,5.4677968833782844e-05
make_Volvo,4.986637467584432e-05
make_Volkswagen,4.230278782221264e-05
model_Equinox,4.1218445850188526e-05
make_Subaru,4.0958005748714665e-05
model_XV,3.5847569225366804e-05
fuel_type_hybrid,1.6633374283414603e-05
fuel_type_electric,1.012690659234483e-05
transmission_CVT,9.125282823274628e-06
model_Mustang,3.0583729013766714e-06
model_Passat,8.266302483961319e-07
model_EX35,2.7526614202466606e-07
model_Versa,6.60509267169651e-08
make_Mercury,0.0
make_Mercedes,0.0
make_Mazda,0.0
make_Maserati,0.0
make_Lincoln,0.0
make_Acadia,0.0
make_Hummer,0.0
make_Jaguar,0.0
make_Golf,0.0
make_Fair,0.0
make_East,0.0
make_Chevy,0.0
make_Checrolet,0.0
make_Buy,0.0
make_Aero,0.0
make_Chrysler,0.0
model_C300,0.0
model_Benz,0.0
model_Accord,0.0
model_Altima,0.0
model_AWD,0.0
model_ATS,0.0
model_A3,0.0
model_A5,0.0
make_Xdrive,0.0
make_Totota,0.0
make_Sandy,0.0
make_Rambler,0.0
make_South,0.0
make_Sport,0.0
make_Super,0.0
make_Tesla,0.0
make_Mitsubishi,0.0
make_Porsche,0.0
make_Old,0.0
make_Mini,0.0
make_Ram,0.0
make_Premium,0.0
make_Jeep,0.0
make_Gran,0.0
make_Kia,0.0
make_Lake,0.0
make_Land,0.0
model_Cooper,0.0
model_Classic,0.0
model_Cherokee,0.0
model_CX,0.0
model_CRV,0.0
model_Fusion,0.0
model_Frontier,0.0
model_GLA,0.0
model_GLK350,0.0
model_Glastonbury,0.0
model_Grand,0.0
model_GS,0.0
model_Gand,0.0
model_Hartford,0.0
model_H2,0.0
model_Corolla,0.0
model_Corvette,0.0
model_Country,0.0
model_Coupe,0.0
model_CTS,0.0
model_CRZ,0.0
model_Crystal,0.0
model_Crosstrek,0.0
model_E350,0.0
model_Duty,0.0
model_El,0.0
model_Elantra,0.0
model_Element,0.0
model_Edge,0.0
model_Eos,0.0
model_Escape,0.0
model_Express,0.0
model_F150,0.0
model_Fiesta,0.0
model_Forester,0.0
model_Chevelle,0.0
model_Civic,0.0
model_Murano,0.0
model_Mountaineer,0.0
model_Montero,0.0
model_Model,0.0
model_Milford,0.0
model_Maxima,0.0
model_Malibu,0.0
model_Macan,0.0
model_ML350,0.0
model_MKZ,0.0
model_MKT,0.0
model_MK,0.0
model_M45X,0.0
model_Lawn,0.0
model_LX,0.0
model_LC,0.0
model_Jetta,0.0
model_JX35,0.0
model_Impala,0.0
model_Hook,0.0
model_Here,0.0
model_Highlander,0.0
model_Orange,0.0
model_Outback,0.0
model_ProMaster,0.0
model_Q3,0.0
model_Q5,0.0
model_QX60,0.0
model_Quattroporte,0.0
model_RDX,0.0
model_Pathfinder,0.0
model_Odyssey,0.0
model_Prius,0.0
model_Sienna,0.0
model_Seltos,0.0
model_Saybrook,0.0
model_SLT,0.0
model_SUV,0.0
model_S80,0.0
model_SL500,0.0
model_Rover,0.0
model_Rogue,0.0
model_S60,0.0
model_S5,0.0
model_Rio,0.0
model_Rav4,0.0
model_Ram,0.0
model_Ranger,0.0
model_Sportage,0.0
model_XTS,0.0
model_Wrangler,0.0
model_Venza,0.0
model_Transit,0.0
model_XC60,0.0
model_Taurus,0.0
model_Town,0.0
model_Soul,0.0
model_Sportwagen,0.0
model_Tahoe,0.0
model_Sprinter,0.0
fuel_type_cng,0.0
model_Tundra,0.0
transmission_DCT,0.0
model_Sonata,-1.6338832564688488e-08
